{"cameraMode":{"drawMode":0,"name":"Shaded","section":"Shading Mode"},"sceneLighting":false,"audioPlay":false,"sceneViewState":{"showFog":false,"showMaterialUpdate":false,"showSkybox":false,"showFlares":false,"showImageEffects":false,"showParticleSystems":true},"in2DMode":false,"pivot":{"x":-8.345175743103028,"y":0.8590589761734009,"z":0.23053735494613648},"rotation":{"x":0.10733990371227265,"y":-0.2454996407032013,"z":0.027363812550902368,"w":0.9630506634712219},"size":0.9525783658027649,"orthographic":false}