{"cameraMode":{"drawMode":0,"name":"Shaded","section":"Shading Mode"},"sceneLighting":false,"audioPlay":false,"sceneViewState":{"showFog":false,"showMaterialUpdate":false,"showSkybox":false,"showFlares":false,"showImageEffects":false,"showParticleSystems":true},"in2DMode":false,"pivot":{"x":-34.57781219482422,"y":2.636117458343506,"z":23.40852928161621},"rotation":{"x":0.048104602843523028,"y":0.9473772644996643,"z":-0.2661744952201843,"w":0.17121608555316926},"size":1.4289418458938599,"orthographic":false}