{"cameraMode":{"drawMode":0,"name":"Shaded","section":"Shading Mode"},"sceneLighting":false,"audioPlay":false,"sceneViewState":{"showFog":false,"showMaterialUpdate":false,"showSkybox":false,"showFlares":false,"showImageEffects":false,"showParticleSystems":true},"in2DMode":false,"pivot":{"x":15.38559341430664,"y":-0.6069151163101196,"z":-22.333593368530275},"rotation":{"x":0.08367686718702316,"y":-0.8247064352035523,"z":0.1266656368970871,"w":0.5448070764541626},"size":8.503239631652832,"orthographic":false}