{"cameraMode":{"drawMode":0,"name":"Shaded","section":"Shading Mode"},"sceneLighting":false,"audioPlay":false,"sceneViewState":{"showFog":false,"showMaterialUpdate":false,"showSkybox":false,"showFlares":false,"showImageEffects":false,"showParticleSystems":true},"in2DMode":false,"pivot":{"x":-39.36629104614258,"y":1.1508519649505616,"z":39.60337829589844},"rotation":{"x":0.048104602843523028,"y":0.9473772644996643,"z":-0.2661744952201843,"w":0.17121608555316926},"size":9.648441314697266,"orthographic":false}