{"cameraMode":{"drawMode":0,"name":"Shaded","section":"Shading Mode"},"sceneLighting":false,"audioPlay":false,"sceneViewState":{"showFog":false,"showMaterialUpdate":false,"showSkybox":false,"showFlares":false,"showImageEffects":false,"showParticleSystems":true},"in2DMode":false,"pivot":{"x":0.06830820441246033,"y":7.792675018310547,"z":0.9693754315376282},"rotation":{"x":0.022756915539503099,"y":0.977203905582428,"z":-0.1536925882101059,"w":0.14469268918037415},"size":9.407310485839844,"orthographic":true}