{"cameraMode":{"drawMode":0,"name":"Shaded","section":"Shading Mode"},"sceneLighting":false,"audioPlay":false,"sceneViewState":{"showFog":false,"showMaterialUpdate":false,"showSkybox":false,"showFlares":false,"showImageEffects":false,"showParticleSystems":true},"in2DMode":false,"pivot":{"x":-37.08412170410156,"y":-36.91911697387695,"z":-14.155413627624512},"rotation":{"x":0.016905613243579866,"y":0.9428402185440064,"z":-0.32927992939949038,"w":0.04840688407421112},"size":100.78820037841797,"orthographic":false}