{"cameraMode":{"drawMode":0,"name":"Shaded","section":"Shading Mode"},"sceneLighting":false,"audioPlay":false,"sceneViewState":{"showFog":false,"showMaterialUpdate":false,"showSkybox":false,"showFlares":false,"showImageEffects":false,"showParticleSystems":true},"in2DMode":false,"pivot":{"x":18.203659057617189,"y":-92.7078857421875,"z":25.150270462036134},"rotation":{"x":-0.5561944842338562,"y":-0.0057347677648067478,"z":0.0038426027167588474,"w":-0.8310326337814331},"size":2.8578836917877199,"orthographic":false}