{"cameraMode":{"drawMode":0,"name":"Shaded","section":"Shading Mode"},"sceneLighting":false,"audioPlay":false,"sceneViewState":{"showFog":false,"showMaterialUpdate":false,"showSkybox":false,"showFlares":false,"showImageEffects":false,"showParticleSystems":true},"in2DMode":false,"pivot":{"x":0.2512611150741577,"y":1.7527507543563843,"z":0.27491024136543276},"rotation":{"x":-0.24664044380187989,"y":0.05345482379198074,"z":-0.013626345433294773,"w":-0.9675408601760864},"size":10.619451522827149,"orthographic":false}