{"cameraMode":{"drawMode":0,"name":"Shaded","section":"Shading Mode"},"sceneLighting":false,"audioPlay":false,"sceneViewState":{"showFog":false,"showMaterialUpdate":false,"showSkybox":false,"showFlares":false,"showImageEffects":false,"showParticleSystems":true},"in2DMode":false,"pivot":{"x":19.251983642578126,"y":0.4386511743068695,"z":21.613988876342775},"rotation":{"x":-0.11467007547616959,"y":0.8849602341651917,"z":-0.3049100935459137,"w":-0.3327959477901459},"size":9.943337440490723,"orthographic":false}