{"cameraMode":{"drawMode":0,"name":"Shaded","section":"Shading Mode"},"sceneLighting":false,"audioPlay":false,"sceneViewState":{"showFog":false,"showMaterialUpdate":false,"showSkybox":false,"showFlares":false,"showImageEffects":false,"showParticleSystems":true},"in2DMode":false,"pivot":{"x":-35.503440856933597,"y":0.4767979085445404,"z":22.37841796875},"rotation":{"x":-0.18456023931503297,"y":0.09975488483905792,"z":-0.018833890557289125,"w":-0.9775692224502564},"size":1.9014513492584229,"orthographic":false}