{"cameraMode":{"drawMode":0,"name":"Shaded","section":"Shading Mode"},"sceneLighting":false,"audioPlay":false,"sceneViewState":{"showFog":false,"showMaterialUpdate":false,"showSkybox":false,"showFlares":false,"showImageEffects":false,"showParticleSystems":true},"in2DMode":false,"pivot":{"x":-2.2945308685302736,"y":-4.552085876464844,"z":1.186261534690857},"rotation":{"x":-0.16623617708683015,"y":0.6702911853790283,"z":-0.15786893665790559,"w":-0.7058027386665344},"size":34.34425354003906,"orthographic":false}